<?xml version="1.0" encoding="UTF-8"?>
<cat:CT_CodelistCatalogue xmlns:xsi="http://www.w3.org/2001/XMLSchema-instance"
   xmlns:cat="http://standards.iso.org/iso/19115/-3/cat/1.0"
   xmlns:lan="http://standards.iso.org/iso/19115/-3/lan/1.0"
   xmlns:gco="http://standards.iso.org/iso/19115/-3/gco/1.0" xmlns:xlink="http://www.w3.org/1999/xlink"
   xmlns:gml="http://www.opengis.net/gml/3.2"
   xsi:schemaLocation="http://standards.iso.org/iso/19115/-3/cat/1.0 ../../../-3/cat/1.0/cat.xsd">
   <!--=====Catalogue description=====-->
   <cat:name>
      <gco:CharacterString>Codelists from the Metadata for Resource Distribution (mrd) Namespace</gco:CharacterString>
   </cat:name>
   <cat:scope>
      <gco:CharacterString>Codelists from the Metadata for Resource Distribution (mrd) Namespace</gco:CharacterString>
   </cat:scope>
   <cat:fieldOfApplication>
      <gco:CharacterString>ISO TC211 Metadata Standards</gco:CharacterString>
   </cat:fieldOfApplication>
   <cat:versionNumber>
      <gco:CharacterString>0.1</gco:CharacterString>
   </cat:versionNumber>
   <cat:versionDate>
      <gco:Date>2015-04-18</gco:Date>
   </cat:versionDate>
   <cat:locale>
      <lan:PT_Locale>
         <lan:language>
            <lan:LanguageCode codeList="http://standards.iso.org/iso/19115/resources/Codelist/cat/codelists.xml#LanguageCode" codeListValue="eng">eng</lan:LanguageCode>
         </lan:language>
         <lan:characterEncoding>
            <lan:MD_CharacterSetCode codeList="http://standards.iso.org/iso/19115/resources/Codelist/cat/codelists.xml#MD_CharacterSetCode"
               codeListValue="UTF-8">UTF-8</lan:MD_CharacterSetCode>
         </lan:characterEncoding>
      </lan:PT_Locale>
   </cat:locale>
   <!--============================= Codelists =======================================-->
   <!-- MD_MediumFormatCode  -->
   <cat:codelistItem>
      <cat:CT_Codelist id="MD_MediumFormatCode">
         <cat:identifier>
            <gco:ScopedName codeSpace="http://standards.iso.org/iso/19115"
               >MD_MediumFormatCode</gco:ScopedName>
         </cat:identifier>
         <cat:name>
            <gco:ScopedName codeSpace="http://standards.iso.org/iso/19115"
               >MD_MediumFormatCode</gco:ScopedName>
         </cat:name>
         <cat:definition>
            <gco:CharacterString>method used to write to the medium</gco:CharacterString>
         </cat:definition>
         <cat:description>
            <gco:CharacterString>method used to write to the medium</gco:CharacterString>
         </cat:description>
         <cat:codeEntry>
            <cat:CT_CodelistValue id="MD_MediumFormatCode_cpio">
               <cat:identifier>
                  <gco:ScopedName codeSpace="http://standards.iso.org/iso/19115"
                     >MD_MediumFormatCode_cpio</gco:ScopedName>
               </cat:identifier>
               <cat:definition>
                  <gco:CharacterString>Copy In / Out (UNIX file format and
                     command)</gco:CharacterString>
               </cat:definition>
            </cat:CT_CodelistValue>
         </cat:codeEntry>
         <cat:codeEntry>
            <cat:CT_CodelistValue id="MD_MediumFormatCode_tar">
               <cat:identifier>
                  <gco:ScopedName codeSpace="http://standards.iso.org/iso/19115"
                     >MD_MediumFormatCode_tar</gco:ScopedName>
               </cat:identifier>
               <cat:definition>
                  <gco:CharacterString>Tape Archive</gco:CharacterString>
               </cat:definition>
            </cat:CT_CodelistValue>
         </cat:codeEntry>
         <cat:codeEntry>
            <cat:CT_CodelistValue id="MD_MediumFormatCode_highSierra">
               <cat:identifier>
                  <gco:ScopedName codeSpace="http://standards.iso.org/iso/19115"
                     >MD_MediumFormatCode_highSierra</gco:ScopedName>
               </cat:identifier>
               <cat:definition>
                  <gco:CharacterString>high sierra file system</gco:CharacterString>
               </cat:definition>
            </cat:CT_CodelistValue>
         </cat:codeEntry>
         <cat:codeEntry>
            <cat:CT_CodelistValue id="MD_MediumFormatCode_iso9660">
               <cat:identifier>
                  <gco:ScopedName codeSpace="http://standards.iso.org/iso/19115"
                     >MD_MediumFormatCode_iso9660</gco:ScopedName>
               </cat:identifier>
               <cat:definition>
                  <gco:CharacterString>information processing volume and file structure of
                     CD-ROM</gco:CharacterString>
               </cat:definition>
            </cat:CT_CodelistValue>
         </cat:codeEntry>
         <cat:codeEntry>
            <cat:CT_CodelistValue id="MD_MediumFormatCode_iso9660RockRidge">
               <cat:identifier>
                  <gco:ScopedName codeSpace="http://standards.iso.org/iso/19115"
                     >MD_MediumFormatCode_iso9660RockRidge</gco:ScopedName>
               </cat:identifier>
               <cat:definition>
                  <gco:CharacterString>rock ridge interchange protocol (UNIX)</gco:CharacterString>
               </cat:definition>
            </cat:CT_CodelistValue>
         </cat:codeEntry>
         <cat:codeEntry>
            <cat:CT_CodelistValue id="MD_MediumFormatCode_iso9660AppleHFS">
               <cat:identifier>
                  <gco:ScopedName codeSpace="http://standards.iso.org/iso/19115"
                     >MD_MediumFormatCode_iso9660AppleHFS</gco:ScopedName>
               </cat:identifier>
               <cat:definition>
                  <gco:CharacterString>hierarchical file system (Macintosh)</gco:CharacterString>
               </cat:definition>
            </cat:CT_CodelistValue>
         </cat:codeEntry>
         <cat:codeEntry>
            <cat:CT_CodelistValue id="MD_MediumFormatCode_udf">
               <cat:identifier>
                  <gco:ScopedName codeSpace="http://standards.iso.org/iso/19115"
                     >MD_MediumFormatCode_udf</gco:ScopedName>
               </cat:identifier>
               <cat:definition>
                  <gco:CharacterString>universal disk format</gco:CharacterString>
               </cat:definition>
            </cat:CT_CodelistValue>
         </cat:codeEntry>
      </cat:CT_Codelist>
   </cat:codelistItem>
   <!--=== EOF ===-->
</cat:CT_CodelistCatalogue>
