<?xml-stylesheet type='text/xsl' href='./CodelistDictionary-v32.xsl'?><Dictionary xmlns="http://www.opengis.net/gml/3.2" xmlns:gml="http://www.opengis.net/gml/3.2" xmlns:xsi="http://www.w3.org/2001/XMLSchema-instance" gml:id="MD_ImagingConditionCode" xsi:schemaLocation="http://www.opengis.net/gml/3.2 null">
  <description>code which indicates conditions which may affect the image</description>
  <identifier codeSpace="http://www.isotc211.org/2014/mrc/1.0/2014-07-11">MD_ImagingConditionCode</identifier>
  <dictionaryEntry>
    <Definition gml:id="_12502_19320">
      <description>portion of the image is blurred</description>
      <identifier codeSpace="http://www.isotc211.org/2014/mrc/1.0/2014-07-11/MD_ImagingConditionCode">blurredImage</identifier>
    </Definition>
  </dictionaryEntry>
  <dictionaryEntry>
    <Definition gml:id="_12502_19321">
      <description>portion of the image is partially obscured by cloud cover</description>
      <identifier codeSpace="http://www.isotc211.org/2014/mrc/1.0/2014-07-11/MD_ImagingConditionCode">cloud</identifier>
    </Definition>
  </dictionaryEntry>
  <dictionaryEntry>
    <Definition gml:id="_12502_19322">
      <description>acute angle between the plane of the ecliptic (the plane of the Earth's orbit) and the plane of the celestial equator</description>
      <identifier codeSpace="http://www.isotc211.org/2014/mrc/1.0/2014-07-11/MD_ImagingConditionCode">degradingObliquity</identifier>
    </Definition>
  </dictionaryEntry>
  <dictionaryEntry>
    <Definition gml:id="_12502_19323">
      <description>portion of the image is partially obscured by fog</description>
      <identifier codeSpace="http://www.isotc211.org/2014/mrc/1.0/2014-07-11/MD_ImagingConditionCode">fog</identifier>
    </Definition>
  </dictionaryEntry>
  <dictionaryEntry>
    <Definition gml:id="_12502_19324">
      <description>portion of the image is partially obscured by heavy smoke or dust</description>
      <identifier codeSpace="http://www.isotc211.org/2014/mrc/1.0/2014-07-11/MD_ImagingConditionCode">heavySmokeOrDust</identifier>
    </Definition>
  </dictionaryEntry>
  <dictionaryEntry>
    <Definition gml:id="_12502_19325">
      <description>image was taken at night</description>
      <identifier codeSpace="http://www.isotc211.org/2014/mrc/1.0/2014-07-11/MD_ImagingConditionCode">night</identifier>
    </Definition>
  </dictionaryEntry>
  <dictionaryEntry>
    <Definition gml:id="_12502_19326">
      <description>image was taken during rainfall</description>
      <identifier codeSpace="http://www.isotc211.org/2014/mrc/1.0/2014-07-11/MD_ImagingConditionCode">rain</identifier>
    </Definition>
  </dictionaryEntry>
  <dictionaryEntry>
    <Definition gml:id="_12502_19327">
      <description>image was taken during semi-dark conditions-twilight conditions</description>
      <identifier codeSpace="http://www.isotc211.org/2014/mrc/1.0/2014-07-11/MD_ImagingConditionCode">semiDarkness</identifier>
    </Definition>
  </dictionaryEntry>
  <dictionaryEntry>
    <Definition gml:id="_12502_19328">
      <description>portion of the image is obscured by shadow</description>
      <identifier codeSpace="http://www.isotc211.org/2014/mrc/1.0/2014-07-11/MD_ImagingConditionCode">shadow</identifier>
    </Definition>
  </dictionaryEntry>
  <dictionaryEntry>
    <Definition gml:id="_12502_19329">
      <description>portion of the image is obscured by snow</description>
      <identifier codeSpace="http://www.isotc211.org/2014/mrc/1.0/2014-07-11/MD_ImagingConditionCode">snow</identifier>
    </Definition>
  </dictionaryEntry>
  <dictionaryEntry>
    <Definition gml:id="_12502_19330">
      <description>the absence of collection data of a given point or area caused by the relative location of topographic features which obstruct the collection path between the collector(s) and the subject(s) of interest</description>
      <identifier codeSpace="http://www.isotc211.org/2014/mrc/1.0/2014-07-11/MD_ImagingConditionCode">terrainMasking</identifier>
    </Definition>
  </dictionaryEntry>
</Dictionary>
