<?xml version="1.0" encoding="UTF-8"?><?xml-stylesheet type='text/xsl' href='./CodelistDictionary-v32.xsl'?><Dictionary xmlns="http://www.opengis.net/gml/3.2" xmlns:gml="http://www.opengis.net/gml/3.2" xmlns:xsi="http://www.w3.org/2001/XMLSchema-instance" gml:id="MD_MediumFormatCode" xsi:schemaLocation="http://www.opengis.net/gml/3.2 null">
  <description>method used to write to the medium</description>
  <identifier codeSpace="http://www.isotc211.org/namespace/mrd/1.0/2014-07-11">MD_MediumFormatCode</identifier>
  <dictionaryEntry>
    <Definition gml:id="_12447_19080">
      <description>CoPy In / Out (UNIX file format and command)</description>
      <identifier codeSpace="http://www.isotc211.org/namespace/mrd/1.0/2014-07-11/MD_MediumFormatCode">cpio</identifier>
    </Definition>
  </dictionaryEntry>
  <dictionaryEntry>
    <Definition gml:id="_12447_19081">
      <description>Tape ARchive</description>
      <identifier codeSpace="http://www.isotc211.org/namespace/mrd/1.0/2014-07-11/MD_MediumFormatCode">tar</identifier>
    </Definition>
  </dictionaryEntry>
  <dictionaryEntry>
    <Definition gml:id="_12447_19082">
      <description>high sierra file system</description>
      <identifier codeSpace="http://www.isotc211.org/namespace/mrd/1.0/2014-07-11/MD_MediumFormatCode">highSierra</identifier>
    </Definition>
  </dictionaryEntry>
  <dictionaryEntry>
    <Definition gml:id="_12447_19083">
      <description>information processing - volume and file structure of CD-ROM</description>
      <identifier codeSpace="http://www.isotc211.org/namespace/mrd/1.0/2014-07-11/MD_MediumFormatCode">iso9660</identifier>
    </Definition>
  </dictionaryEntry>
  <dictionaryEntry>
    <Definition gml:id="_12447_19084">
      <description>rock ridge interchange protocol (UNIX)</description>
      <identifier codeSpace="http://www.isotc211.org/namespace/mrd/1.0/2014-07-11/MD_MediumFormatCode">iso9660RockRidge</identifier>
    </Definition>
  </dictionaryEntry>
  <dictionaryEntry>
    <Definition gml:id="_12447_19085">
      <description>hierarchical file system (Macintosh)</description>
      <identifier codeSpace="http://www.isotc211.org/namespace/mrd/1.0/2014-07-11/MD_MediumFormatCode">iso9660AppleHFS</identifier>
    </Definition>
  </dictionaryEntry>
  <dictionaryEntry>
    <Definition gml:id="_12447_19086">
      <description>universal disk format</description>
      <identifier codeSpace="http://www.isotc211.org/namespace/mrd/1.0/2014-07-11/MD_MediumFormatCode">udf</identifier>
    </Definition>
  </dictionaryEntry>
</Dictionary>
