<?xml-stylesheet type='text/xsl' href='./CodelistDictionary-v32.xsl'?><Dictionary xmlns="http://www.opengis.net/gml/3.2" xmlns:gml="http://www.opengis.net/gml/3.2" xmlns:xsi="http://www.w3.org/2001/XMLSchema-instance" gml:id="MI_BandDefinition" xsi:schemaLocation="http://www.opengis.net/gml/3.2 null">
  <description>Description: Designation of criterion for defining maximum and minimum wavelengths for a spectral band&#13;
FGDC: Band_Boundry_Definition&#13;
shortName: BndDef&#13;
</description>
  <identifier codeSpace="http://www.isotc211.org/2014/mrc/1.0/2014-07-11">MI_BandDefinition</identifier>
  <dictionaryEntry>
    <Definition gml:id="_12495_19303">
      <description>Description: TBD&#13;
FGDC: 3db&#13;
Code: 001</description>
      <identifier codeSpace="http://www.isotc211.org/2014/mrc/1.0/2014-07-11/MI_BandDefinition">3db</identifier>
    </Definition>
  </dictionaryEntry>
  <dictionaryEntry>
    <Definition gml:id="_12495_19304">
      <description>Description: width of a distribution equal to the distance between the outer two points on the distribution having power level half of that at the peak&#13;
FGDC: half maximum&#13;
Code: 002</description>
      <identifier codeSpace="http://www.isotc211.org/2014/mrc/1.0/2014-07-11/MI_BandDefinition">halfMaximum</identifier>
    </Definition>
  </dictionaryEntry>
  <dictionaryEntry>
    <Definition gml:id="_12495_19305">
      <description>Description: wavelength difference between the upper and lower bounds at the 50% (-3db) points of the sensor spectral response&#13;
FGDC: 50 %&#13;
definitionSource: STDI-0002, VERSION 2.1, 16 November 2000&#13;
Code: 003</description>
      <identifier codeSpace="http://www.isotc211.org/2014/mrc/1.0/2014-07-11/MI_BandDefinition">fiftyPercent</identifier>
    </Definition>
  </dictionaryEntry>
  <dictionaryEntry>
    <Definition gml:id="_12495_19306">
      <description>Description: TBD&#13;
FGDC: 1/e&#13;
Code: 004</description>
      <identifier codeSpace="http://www.isotc211.org/2014/mrc/1.0/2014-07-11/MI_BandDefinition">oneOverE</identifier>
    </Definition>
  </dictionaryEntry>
  <dictionaryEntry>
    <Definition gml:id="_12495_19307">
      <description>Description: TBD&#13;
FGDC: equivalent width&#13;
Code: 005</description>
      <identifier codeSpace="http://www.isotc211.org/2014/mrc/1.0/2014-07-11/MI_BandDefinition">equivalentWidth</identifier>
    </Definition>
  </dictionaryEntry>
</Dictionary>
